--------------------------------------
--INSERTAR DATOS 
--------------------------------------
--Sucursales(3 regisgros)
INSERT INTO sucursales (id_sucursal, nombre_sucursal, direccion_sucursal) VALUES
(1, 'Sucursal Centro Histórico', 'García Moreno N3-45, Quito'),
(2, 'Sucursal Norte', 'Av. 6 de Diciembre N45-12, Quito'),
(3, 'Sucursal Sur', 'Av. Maldonado S15-30, Quito');

--Categorias (4 registros)
INSERT INTO categorias (id_categoria, nombre_categoria, descripcion) VALUES
(1, 'Casual', 'Prendas de uso diario'),
(2, 'Formal', 'Prendas para oficina o eventos'),
(3, 'Deportiva', 'Ropa deportiva y cómoda'),
(4, 'Invierno', 'Prendas abrigadas');

--Tallas (6 registros)
INSERT INTO tallas (id_talla, nombre_talla) VALUES
(1, 'XS'),
(2, 'S'),
(3, 'M'),
(4, 'L'),
(5, 'XL'),
(6, 'XXL');

--Proveedores (10 registros)
INSERT INTO proveedores (id_proveedor, nombre_proveedor) VALUES
(1, 'Confecciones Quito'),
(2, 'Distribuidora Textil del Valle'),
(3, 'Confecciones San Rafael'),
(4, 'Distribuidora de Ropa Guayaquil'),
(5, 'Textiles San Rafael'),
(6, 'Confecciones del Valle'),
(7, 'Distribuidora Textil Guayaquil'),
(8, 'Distribuidora Textil Cuenca'),
(9, 'Distribuidora Textil San Rafael'),
(10, 'Distribuidora de Ropa del Pacífico');

--Metodos_Pago (3 registros)
INSERT INTO metodos_pago (id_pago, metodo_pago) VALUES
(1, 'Efectivo'),
(2, 'Transferencia'),
(3, 'Tarjeta de crédito');

--Clientes (31 registros)
INSERT INTO clientes (id_cliente, nombre_cliente, cedula_cliente, telefono_cliente, correo_cliente) VALUES
(0, 'Consumidor Final', '9999999999', 'N/A', 'N/A'),
(1, 'Miguel Molina', '1853276481', '0935030564', 'miguel.molina@hotmail.com'),
(2, 'Yolanda Sánchez', '0757672423', '0938849696', 'yolanda.sanchez@outlook.com'),
(3, 'Verónica Ramírez', '1731012264', '0991669784', 'veronica.ramirez@hotmail.com'),
(4, 'Pedro Fernández', '2244514622', '0970482814', 'pedro.fernandez@gmail.com'),
(5, 'Adriana Molina', '0522880954', '0970154303', 'adriana.molina@hotmail.com'),
(6, 'Elena Jiménez', '0357182278', '0982489638', 'elena.jimenez@gmail.com'),
(7, 'Patricia Paredes', '2326578719', '0933150983', 'patricia.paredes@hotmail.com'),
(8, 'Fernando Ramírez', '0350310512', '0983473829', 'fernando.ramirez@gmail.com'),
(9, 'Fernando Guerrero', '1633116569', '0967010651', 'fernando.guerrero@hotmail.com'),
(10, 'Daniela Sánchez', '1832624736', '0917810801', 'daniela.sanchez@hotmail.com'),
(11, 'Patricia Ramírez', '1437360264', '0906474687', 'patricia.ramirez@hotmail.com'),
(12, 'Fernanda Sánchez', '0709805006', '0997882081', 'fernanda.sanchez@outlook.com'),
(13, 'Rosa Martínez', '2003619398', '0990916998', 'rosa.martinez@gmail.com'),
(14, 'Paola Torres', '2255346245', '0975107991', 'paola.torres@hotmail.com'),
(15, 'Yolanda Herrera', '1722513544', '0927849808', 'yolanda.herrera@hotmail.com'),
(16, 'Cristina Suárez', '0521182444', '0993534874', 'cristina.suarez@gmail.com'),
(17, 'Elena Rodríguez', '2134005244', '0927868011', 'elena.rodriguez@gmail.com'),
(18, 'Elena Paredes', '1805982624', '0904505331', 'elena.paredes@hotmail.com'),
(19, 'Verónica Herrera', '2052322605', '0925634216', 'veronica.herrera@yahoo.com'),
(20, 'Rosa Rodríguez', '0817543309', '0936541458', 'rosa.rodriguez@yahoo.com'),
(21, 'Diego Suárez', '0104294012', '0996556981', 'diego.suarez@outlook.com'),
(22, 'Diego Jiménez', '0906088356', '0961595148', 'diego.jimenez@hotmail.com'),
(23, 'Cristina Suárez', '1134823663', '0929946804', 'cristina.suarez@yahoo.com'),
(24, 'Cristina Sánchez', '1945777389', '0972148951', 'cristina.sanchez@yahoo.com'),
(25, 'Adriana Ramírez', '0812003796', '0917693676', 'adriana.ramirez@outlook.com'),
(26, 'Daniela López', '0433287083', '0931727889', 'daniela.lopez@gmail.com'),
(27, 'Paola Chávez', '1832774341', '0987347143', 'paola.chavez@yahoo.com'),
(28, 'Valentina Vega', '1802236230', '0916658760', 'valentina.vega@outlook.com'),
(29, 'Andrea Ortiz', '1950967057', '0946688937', 'andrea.ortiz@yahoo.com'),
(30, 'Daniela Torres', '1606562724', '0998069901', 'daniela.torres@yahoo.com');

--Empleados (20 registros)
INSERT INTO empleados (id_empleado, nombre_empleado, rol_empleado, id_sucursal) VALUES
(1, 'Santiago González', 'Vendedor', 3),
(2, 'Valentina Ramírez', 'Vendedor', 1),
(3, 'Ricardo González', 'Vendedor', 3),
(4, 'Andrés Rodríguez', 'Vendedor', 1),
(5, 'Andrea Ramírez', 'Vendedor', 3),
(6, 'Andrea Paredes', 'Vendedor', 1),
(7, 'Carlos Jiménez', 'Vendedor', 1),
(8, 'Patricia Martínez', 'Vendedor', 2),
(9, 'Valentina López', 'Vendedor', 2),
(10, 'María José Pérez', 'Vendedor', 1),
(11, 'Verónica Castro', 'Cajero', 1),
(12, 'Ricardo Chávez', 'Cajero', 2),
(13, 'Yolanda Herrera', 'Cajero', 3),
(14, 'Miguel Castro', 'Cajero', 3),
(15, 'Yolanda Rodríguez', 'Cajero', 2),
(16, 'Yolanda Ramírez', 'Gerente', 1),
(18, 'Santiago Castro', 'Gerente', 3),
(19, 'Verónica Castro', 'Administrador', NULL),
(20, 'Mateo Torres', 'Auditor', NULL);

--Promociones (10 registros)
INSERT INTO promociones (id_promocion, descripcion_promocion, porcentaje_descuento) VALUES
(1, 'Descuento temporada', 10),
(2, 'Liquidación fin de mes', 30),
(3, 'Black Friday', 15),
(4, 'Cyber Monday', 10),
(5, 'Descuento por apertura', 15),
(6, 'Promoción Día de la Madre', 25),
(7, 'Descuento Navidad', 25),
(8, 'Rebajas de verano', 30),
(9, '2x1 en camisetas', 15),
(10, 'Descuento por fidelidad', 25);

--Productos (20 registros)
INSERT INTO productos (id_producto, nombre_producto, id_talla, color, precio_unitario, id_proveedor, stock_disponible, id_categoria) VALUES
(1, 'Camiseta', 6, 'Negro', 51.98, 4, 27, 1),
(2, 'Pantalón', 1, 'Gris', 17.68, 3, 45, 1),
(3, 'Vestido', 6, 'Negro', 41.14, 4, 44, 2),
(4, 'Chaqueta', 6, 'Azul', 52.7, 3, 53, 4),
(5, 'Blusa', 5, 'Verde', 49.94, 3, 34, 2),
(6, 'Short', 1, 'Gris', 10.45, 5, 51, 3),
(7, 'Falda', 6, 'Rojo', 31.6, 4, 19, 2),
(8, 'Sudadera', 5, 'Verde', 56.33, 4, 21, 3),
(9, 'Camisa', 6, 'Beige', 26.18, 10, 22, 2),
(10, 'Buzo', 5, 'Beige', 11.33, 9, 42, 3),
(11, 'Camiseta', 6, 'Azul', 12.92, 6, 15, 1),
(12, 'Pantalón', 4, 'Beige', 36.93, 7, 38, 1),
(13, 'Vestido', 6, 'Beige', 35.2, 3, 42, 2),
(14, 'Chaqueta', 2, 'Verde', 38.73, 5, 54, 4),
(15, 'Blusa', 5, 'Beige', 36.55, 7, 52, 2),
(16, 'Short', 3, 'Azul', 57.54, 2, 32, 3),
(17, 'Falda', 4, 'Blanco', 51.77, 10, 54, 2),
(18, 'Sudadera', 6, 'Rojo', 28.16, 8, 35, 3),
(19, 'Camisa', 2, 'Rojo', 21.08, 5, 36, 2),
(20, 'Buzo', 3, 'Gris', 48.96, 5, 50, 3);

--Ventas (100 registros)
INSERT INTO ventas (id_venta, fecha_venta, id_sucursal, id_pago, id_cliente, id_vendedor, id_cajero, id_promocion) VALUES
(1, '2026-02-23', 3, 3, 26, 1, 11, 7),
(2, '2025-07-15', 3, 1, 19, 6, 14, NULL),
(3, '2025-10-14', 2, 2, 18, 6, 13, NULL),
(4, '2025-09-25', 2, 2, 4, 4, 13, 9),
(5, '2026-03-31', 3, 1, 24, 8, 13, NULL),
(6, '2026-03-09', 3, 3, 4, 4, 13, 3),
(7, '2026-05-26', 2, 1, 5, 5, 11, NULL),
(8, '2025-08-06', 3, 2, 5, 8, 11, NULL),
(9, '2025-12-06', 3, 2, 15, 6, 12, NULL),
(10, '2025-07-16', 2, 2, 3, 7, 14, 1),
(11, '2025-09-23', 1, 1, 10, 2, 12, 7),
(12, '2026-01-05', 3, 3, 8, 9, 14, NULL),
(13, '2025-07-15', 2, 2, 14, 5, 15, NULL),
(14, '2025-09-16', 3, 3, 0, 4, 12, 2),
(15, '2026-02-27', 1, 1, 3, 3, 11, NULL),
(16, '2026-01-20', 3, 3, 2, 4, 13, NULL),
(17, '2025-09-24', 3, 2, 0, 4, 13, NULL),
(18, '2026-02-05', 3, 3, 30, 4, 14, 4),
(19, '2026-04-26', 3, 1, 27, 3, 11, 5),
(20, '2025-07-08', 3, 3, 30, 5, 14, 5),
(21, '2026-04-25', 3, 2, 17, 9, 14, NULL),
(22, '2026-03-17', 3, 1, 24, 6, 15, 2),
(23, '2025-11-06', 1, 3, 19, 10, 11, NULL),
(24, '2025-08-31', 3, 2, 25, 3, 14, NULL),
(25, '2026-06-19', 2, 2, 19, 7, 14, NULL),
(26, '2025-11-05', 2, 2, 11, 2, 12, NULL),
(27, '2025-08-08', 3, 2, 13, 9, 11, NULL),
(28, '2025-08-10', 2, 2, 25, 7, 15, NULL),
(29, '2026-05-10', 1, 3, 15, 7, 11, 6),
(30, '2026-02-10', 3, 2, 25, 1, 12, 3),
(31, '2026-04-25', 2, 2, 16, 2, 11, NULL),
(32, '2026-03-28', 3, 1, 10, 9, 11, NULL),
(33, '2026-01-17', 1, 1, 30, 2, 14, NULL),
(34, '2026-06-25', 3, 1, 23, 5, 15, NULL),
(35, '2025-11-20', 2, 2, 8, 8, 15, 4),
(36, '2026-01-22', 3, 3, 5, 2, 13, NULL),
(37, '2026-05-03', 2, 2, 17, 5, 11, 5),
(38, '2026-02-16', 3, 3, 16, 3, 14, NULL),
(39, '2026-05-15', 2, 2, 18, 7, 14, NULL),
(40, '2026-02-01', 1, 3, 13, 4, 14, 8),
(41, '2026-03-19', 3, 2, 22, 3, 14, NULL),
(42, '2025-07-22', 1, 3, 11, 2, 14, 8),
(43, '2025-09-26', 1, 3, 28, 3, 11, NULL),
(44, '2025-10-19', 2, 2, 13, 2, 13, NULL),
(45, '2025-08-04', 3, 2, 21, 8, 15, 2),
(46, '2025-09-28', 1, 3, 10, 4, 11, NULL),
(47, '2025-08-11', 1, 3, 4, 8, 12, NULL),
(48, '2025-10-15', 1, 1, 2, 5, 13, NULL),
(49, '2026-02-22', 1, 1, 19, 3, 12, 10),
(50, '2025-11-15', 2, 3, 16, 10, 12, 5),
(51, '2025-11-17', 2, 2, 29, 8, 13, NULL),
(52, '2025-09-20', 1, 1, 12, 10, 13, NULL),
(53, '2025-10-11', 2, 3, 28, 5, 12, NULL),
(54, '2026-06-11', 2, 1, 19, 6, 15, 5),
(55, '2026-02-26', 1, 3, 1, 10, 11, NULL),
(56, '2026-02-12', 3, 2, 29, 5, 12, NULL),
(57, '2025-09-06', 2, 1, 20, 5, 12, NULL),
(58, '2026-03-28', 3, 3, 0, 8, 11, NULL),
(59, '2025-09-03', 3, 1, 0, 5, 13, NULL),
(60, '2025-11-21', 1, 1, 18, 6, 15, NULL),
(61, '2026-07-01', 2, 1, 27, 8, 13, NULL),
(62, '2026-02-23', 2, 1, 3, 3, 12, NULL),
(63, '2026-01-24', 3, 3, 28, 9, 13, 7),
(64, '2026-03-12', 1, 2, 15, 6, 13, NULL),
(65, '2026-05-08', 3, 2, 8, 8, 11, NULL),
(66, '2026-04-14', 3, 2, 8, 2, 14, NULL),
(67, '2025-09-27', 2, 3, 5, 1, 11, NULL),
(68, '2025-07-17', 2, 1, 0, 9, 12, NULL),
(69, '2025-10-28', 2, 3, 23, 9, 14, NULL),
(70, '2025-10-11', 3, 1, 21, 2, 14, NULL),
(71, '2025-09-20', 2, 1, 7, 8, 14, NULL),
(72, '2026-06-14', 2, 1, 12, 9, 13, 5),
(73, '2026-05-20', 1, 1, 27, 8, 11, NULL),
(74, '2025-10-28', 3, 3, 1, 1, 13, 3),
(75, '2026-03-01', 3, 1, 0, 9, 12, NULL),
(76, '2025-11-27', 1, 2, 26, 10, 11, 3),
(77, '2026-06-03', 1, 3, 6, 2, 11, 6),
(78, '2025-12-20', 1, 3, 6, 5, 11, 7),
(79, '2025-10-10', 3, 1, 16, 8, 13, NULL),
(80, '2025-10-03', 1, 2, 20, 1, 15, NULL),
(81, '2026-01-26', 3, 1, 0, 8, 14, NULL),
(82, '2025-10-09', 1, 2, 15, 2, 11, NULL),
(83, '2026-02-03', 1, 1, 20, 10, 15, NULL),
(84, '2026-05-28', 2, 3, 15, 9, 15, NULL),
(85, '2025-11-28', 3, 1, 21, 9, 12, NULL),
(86, '2025-09-23', 1, 2, 15, 7, 14, NULL),
(87, '2026-07-04', 2, 2, 9, 6, 12, NULL),
(88, '2026-01-07', 2, 1, 0, 2, 11, NULL),
(89, '2025-08-08', 3, 3, 5, 9, 11, NULL),
(90, '2025-07-23', 3, 3, 4, 7, 13, NULL),
(91, '2025-08-14', 2, 3, 0, 5, 15, NULL),
(92, '2026-02-19', 1, 3, 5, 8, 12, NULL),
(93, '2026-04-20', 2, 3, 25, 5, 15, 7),
(94, '2025-12-06', 3, 3, 21, 9, 11, NULL),
(95, '2025-07-29', 3, 3, 6, 5, 13, NULL),
(96, '2025-11-21', 2, 1, 5, 10, 14, 1),
(97, '2026-07-03', 1, 3, 13, 7, 14, NULL),
(98, '2026-01-14', 2, 2, 25, 10, 15, 1),
(99, '2026-06-24', 1, 1, 2, 2, 13, NULL),
(100, '2026-05-15', 2, 2, 14, 5, 12, NULL);

--Detalle Venta (167 registros)
INSERT INTO detalleventa (id_venta, id_producto, cantidad_vendida, precio_unitario, subtotal) VALUES
(1, 14, 1, 38.73, 38.73),
(2, 19, 2, 21.08, 42.16),
(3, 10, 1, 11.33, 11.33),
(3, 2, 2, 17.68, 35.36),
(4, 2, 2, 17.68, 35.36),
(4, 1, 1, 51.98, 51.98),
(4, 7, 1, 31.6, 31.6),
(5, 10, 1, 11.33, 11.33),
(5, 11, 1, 12.92, 12.92),
(6, 14, 1, 38.73, 38.73),
(7, 18, 3, 28.16, 84.48),
(8, 18, 3, 28.16, 84.48),
(9, 3, 3, 41.14, 123.42),
(9, 13, 1, 35.2, 35.2),
(10, 15, 1, 36.55, 36.55),
(11, 19, 3, 21.08, 63.24),
(11, 14, 3, 38.73, 116.19),
(11, 13, 2, 35.2, 70.4),
(12, 13, 1, 35.2, 35.2),
(13, 6, 1, 10.45, 10.45),
(13, 15, 2, 36.55, 73.1),
(13, 12, 1, 36.93, 36.93),
(14, 19, 2, 21.08, 42.16),
(15, 13, 3, 35.2, 105.6),
(15, 10, 2, 11.33, 22.66),
(16, 6, 1, 10.45, 10.45),
(17, 4, 3, 52.7, 158.1),
(17, 17, 1, 51.77, 51.77),
(18, 12, 1, 36.93, 36.93),
(18, 20, 1, 48.96, 48.96),
(18, 5, 1, 49.94, 49.94),
(19, 6, 3, 10.45, 31.35),
(20, 3, 1, 41.14, 41.14),
(21, 16, 3, 57.54, 172.62),
(21, 15, 3, 36.55, 109.65),
(21, 19, 3, 21.08, 63.24),
(22, 20, 3, 48.96, 146.88),
(22, 11, 2, 12.92, 25.84),
(23, 3, 2, 41.14, 82.28),
(24, 10, 2, 11.33, 22.66),
(25, 12, 1, 36.93, 36.93),
(25, 17, 2, 51.77, 103.54),
(26, 2, 1, 17.68, 17.68),
(27, 10, 1, 11.33, 11.33),
(28, 3, 2, 41.14, 82.28),
(28, 17, 2, 51.77, 103.54),
(29, 2, 3, 17.68, 53.04),
(29, 15, 3, 36.55, 109.65),
(30, 20, 2, 48.96, 97.92),
(31, 2, 1, 17.68, 17.68),
(31, 15, 2, 36.55, 73.1),
(32, 3, 1, 41.14, 41.14),
(32, 17, 1, 51.77, 51.77),
(32, 6, 3, 10.45, 31.35),
(33, 15, 3, 36.55, 109.65),
(34, 6, 2, 10.45, 20.9),
(34, 12, 2, 36.93, 73.86),
(35, 11, 3, 12.92, 38.76),
(36, 11, 2, 12.92, 25.84),
(36, 3, 1, 41.14, 41.14),
(37, 13, 2, 35.2, 70.4),
(37, 10, 3, 11.33, 33.99),
(38, 20, 1, 48.96, 48.96),
(38, 5, 3, 49.94, 149.82),
(38, 11, 3, 12.92, 38.76),
(39, 12, 2, 36.93, 73.86),
(40, 13, 2, 35.2, 70.4),
(40, 5, 3, 49.94, 149.82),
(40, 3, 2, 41.14, 82.28),
(41, 11, 3, 12.92, 38.76),
(41, 5, 3, 49.94, 149.82),
(42, 17, 3, 51.77, 155.31),
(42, 3, 3, 41.14, 123.42),
(43, 12, 1, 36.93, 36.93),
(44, 6, 1, 10.45, 10.45),
(45, 16, 1, 57.54, 57.54),
(46, 5, 1, 49.94, 49.94),
(47, 4, 3, 52.7, 158.1),
(48, 17, 3, 51.77, 155.31),
(48, 2, 2, 17.68, 35.36),
(49, 20, 1, 48.96, 48.96),
(49, 5, 1, 49.94, 49.94),
(49, 13, 1, 35.2, 35.2),
(50, 20, 3, 48.96, 146.88),
(50, 6, 2, 10.45, 20.9),
(51, 12, 3, 36.93, 110.79),
(52, 15, 3, 36.55, 109.65),
(52, 10, 2, 11.33, 22.66),
(53, 8, 2, 56.33, 112.66),
(54, 16, 3, 57.54, 172.62),
(54, 7, 3, 31.6, 94.8),
(54, 12, 2, 36.93, 73.86),
(55, 10, 2, 11.33, 22.66),
(56, 14, 1, 38.73, 38.73),
(56, 6, 3, 10.45, 31.35),
(57, 9, 1, 26.18, 26.18),
(58, 12, 1, 36.93, 36.93),
(58, 18, 3, 28.16, 84.48),
(59, 4, 1, 52.7, 52.7),
(59, 10, 1, 11.33, 11.33),
(60, 17, 1, 51.77, 51.77),
(61, 3, 2, 41.14, 82.28),
(61, 8, 2, 56.33, 112.66),
(62, 14, 3, 38.73, 116.19),
(62, 2, 2, 17.68, 35.36),
(62, 13, 1, 35.2, 35.2),
(63, 3, 2, 41.14, 82.28),
(64, 11, 1, 12.92, 12.92),
(65, 11, 1, 12.92, 12.92),
(65, 5, 1, 49.94, 49.94),
(66, 16, 3, 57.54, 172.62),
(67, 16, 3, 57.54, 172.62),
(67, 15, 1, 36.55, 36.55),
(68, 1, 1, 51.98, 51.98),
(68, 9, 3, 26.18, 78.54),
(68, 7, 3, 31.6, 94.8),
(69, 14, 2, 38.73, 77.46),
(69, 4, 1, 52.7, 52.7),
(70, 2, 1, 17.68, 17.68),
(71, 20, 2, 48.96, 97.92),
(72, 16, 3, 57.54, 172.62),
(73, 17, 1, 51.77, 51.77),
(73, 19, 3, 21.08, 63.24),
(74, 14, 1, 38.73, 38.73),
(75, 8, 2, 56.33, 112.66),
(75, 19, 1, 21.08, 21.08),
(76, 3, 2, 41.14, 82.28),
(76, 17, 1, 51.77, 51.77),
(77, 18, 3, 28.16, 84.48),
(77, 17, 1, 51.77, 51.77),
(77, 19, 2, 21.08, 42.16),
(78, 2, 2, 17.68, 35.36),
(78, 13, 3, 35.2, 105.6),
(78, 12, 1, 36.93, 36.93),
(79, 3, 2, 41.14, 82.28),
(80, 4, 3, 52.7, 158.1),
(81, 11, 1, 12.92, 12.92),
(81, 5, 2, 49.94, 99.88),
(82, 6, 3, 10.45, 31.35),
(82, 15, 2, 36.55, 73.1),
(83, 5, 3, 49.94, 149.82),
(83, 3, 2, 41.14, 82.28),
(84, 7, 1, 31.6, 31.6),
(85, 2, 2, 17.68, 35.36),
(85, 11, 3, 12.92, 38.76),
(86, 18, 2, 28.16, 56.32),
(87, 7, 2, 31.6, 63.2),
(88, 2, 3, 17.68, 53.04),
(89, 4, 2, 52.7, 105.4),
(90, 13, 3, 35.2, 105.6),
(91, 13, 2, 35.2, 70.4),
(92, 16, 3, 57.54, 172.62),
(92, 20, 2, 48.96, 97.92),
(92, 12, 1, 36.93, 36.93),
(93, 3, 3, 41.14, 123.42),
(93, 14, 1, 38.73, 38.73),
(94, 11, 1, 12.92, 12.92),
(94, 4, 2, 52.7, 105.4),
(95, 10, 3, 11.33, 33.99),
(95, 15, 3, 36.55, 109.65),
(96, 15, 2, 36.55, 73.1),
(97, 12, 3, 36.93, 110.79),
(98, 9, 3, 26.18, 78.54),
(98, 2, 3, 17.68, 53.04),
(98, 3, 2, 41.14, 82.28),
(99, 6, 1, 10.45, 10.45),
(100, 20, 3, 48.96, 146.88);

-- Facturas (100 registros)
INSERT INTO facturas (id_factura, numero_factura, id_venta, impuesto, total_factura, monto_pagado) VALUES
(1001, 'FAC-001001', 1, 5.81, 44.54, 44.54),
(1002, 'FAC-001002', 2, 6.32, 48.48, 48.48),
(1003, 'FAC-001003', 3, 7, 53.69, 53.69),
(1004, 'FAC-001004', 4, 17.84, 136.78, 136.78),
(1005, 'FAC-001005', 5, 3.64, 27.89, 27.89),
(1006, 'FAC-001006', 6, 5.81, 44.54, 44.54),
(1007, 'FAC-001007', 7, 12.67, 97.15, 97.15),
(1008, 'FAC-001008', 8, 12.67, 97.15, 97.15),
(1009, 'FAC-001009', 9, 23.79, 182.41, 182.41),
(1010, 'FAC-001010', 10, 5.48, 42.03, 42.03),
(1011, 'FAC-001011', 11, 37.47, 287.3, 287.3),
(1012, 'FAC-001012', 12, 5.28, 40.48, 40.48),
(1013, 'FAC-001013', 13, 18.07, 138.55, 138.55),
(1014, 'FAC-001014', 14, 6.32, 48.48, 48.48),
(1015, 'FAC-001015', 15, 19.24, 147.5, 147.5),
(1016, 'FAC-001016', 16, 1.57, 12.02, 12.02),
(1017, 'FAC-001017', 17, 31.48, 241.35, 241.35),
(1018, 'FAC-001018', 18, 20.37, 156.2, 156.2),
(1019, 'FAC-001019', 19, 4.7, 36.05, 36.05),
(1020, 'FAC-001020', 20, 6.17, 47.31, 47.31),
(1021, 'FAC-001021', 21, 51.83, 397.34, 397.34),
(1022, 'FAC-001022', 22, 25.91, 198.63, 198.63),
(1023, 'FAC-001023', 23, 12.34, 94.62, 94.62),
(1024, 'FAC-001024', 24, 3.4, 26.06, 26.06),
(1025, 'FAC-001025', 25, 21.07, 161.54, 161.54),
(1026, 'FAC-001026', 26, 2.65, 20.33, 20.33),
(1027, 'FAC-001027', 27, 1.7, 13.03, 13.03),
(1028, 'FAC-001028', 28, 27.87, 213.69, 213.69),
(1029, 'FAC-001029', 29, 24.4, 187.09, 187.09),
(1030, 'FAC-001030', 30, 14.69, 112.61, 112.61),
(1031, 'FAC-001031', 31, 13.62, 104.4, 104.4),
(1032, 'FAC-001032', 32, 18.64, 142.9, 142.9),
(1033, 'FAC-001033', 33, 16.45, 126.1, 126.1),
(1034, 'FAC-001034', 34, 14.21, 108.97, 108.97),
(1035, 'FAC-001035', 35, 5.81, 44.57, 44.57),
(1036, 'FAC-001036', 36, 10.05, 77.03, 77.03),
(1037, 'FAC-001037', 37, 15.66, 120.05, 120.05),
(1038, 'FAC-001038', 38, 35.63, 273.17, 273.17),
(1039, 'FAC-001039', 39, 11.08, 84.94, 84.94),
(1040, 'FAC-001040', 40, 45.38, 347.88, 347.88),
(1041, 'FAC-001041', 41, 28.29, 216.87, 216.87),
(1042, 'FAC-001042', 42, 41.81, 320.54, 320.54),
(1043, 'FAC-001043', 43, 5.54, 42.47, 42.47),
(1044, 'FAC-001044', 44, 1.57, 12.02, 12.02),
(1045, 'FAC-001045', 45, 8.63, 66.17, 66.17),
(1046, 'FAC-001046', 46, 7.49, 57.43, 57.43),
(1047, 'FAC-001047', 47, 23.71, 181.81, 181.81),
(1048, 'FAC-001048', 48, 28.6, 219.27, 219.27),
(1049, 'FAC-001049', 49, 20.11, 154.21, 154.21),
(1050, 'FAC-001050', 50, 25.17, 192.95, 192.95),
(1051, 'FAC-001051', 51, 16.62, 127.41, 127.41),
(1052, 'FAC-001052', 52, 19.85, 152.16, 152.16),
(1053, 'FAC-001053', 53, 16.9, 129.56, 129.56),
(1054, 'FAC-001054', 54, 51.19, 392.47, 392.47),
(1055, 'FAC-001055', 55, 3.4, 26.06, 26.06),
(1056, 'FAC-001056', 56, 10.51, 80.59, 80.59),
(1057, 'FAC-001057', 57, 3.93, 30.11, 30.11),
(1058, 'FAC-001058', 58, 18.21, 139.62, 139.62),
(1059, 'FAC-001059', 59, 9.6, 73.63, 73.63),
(1060, 'FAC-001060', 60, 7.77, 59.54, 59.54),
(1061, 'FAC-001061', 61, 29.24, 224.18, 224.18),
(1062, 'FAC-001062', 62, 28.01, 214.76, 214.76),
(1063, 'FAC-001063', 63, 12.34, 94.62, 94.62),
(1064, 'FAC-001064', 64, 1.94, 14.86, 14.86),
(1065, 'FAC-001065', 65, 9.43, 72.29, 72.29),
(1066, 'FAC-001066', 66, 25.89, 198.51, 198.51),
(1067, 'FAC-001067', 67, 31.38, 240.55, 240.55),
(1068, 'FAC-001068', 68, 33.8, 259.12, 259.12),
(1069, 'FAC-001069', 69, 19.52, 149.68, 149.68),
(1070, 'FAC-001070', 70, 2.65, 20.33, 20.33),
(1071, 'FAC-001071', 71, 14.69, 112.61, 112.61),
(1072, 'FAC-001072', 72, 25.89, 198.51, 198.51),
(1073, 'FAC-001073', 73, 17.25, 132.26, 132.26),
(1074, 'FAC-001074', 74, 5.81, 44.54, 44.54),
(1075, 'FAC-001075', 75, 20.06, 153.8, 153.8),
(1076, 'FAC-001076', 76, 20.11, 154.16, 154.16),
(1077, 'FAC-001077', 77, 26.76, 205.17, 205.17),
(1078, 'FAC-001078', 78, 26.68, 204.57, 204.57),
(1079, 'FAC-001079', 79, 12.34, 94.62, 94.62),
(1080, 'FAC-001080', 80, 23.71, 181.81, 181.81),
(1081, 'FAC-001081', 81, 16.92, 129.72, 129.72),
(1082, 'FAC-001082', 82, 15.67, 120.12, 120.12),
(1083, 'FAC-001083', 83, 34.81, 266.91, 266.91),
(1084, 'FAC-001084', 84, 4.74, 36.34, 36.34),
(1085, 'FAC-001085', 85, 11.12, 85.24, 85.24),
(1086, 'FAC-001086', 86, 8.45, 64.77, 64.77),
(1087, 'FAC-001087', 87, 9.48, 72.68, 72.68),
(1088, 'FAC-001088', 88, 7.96, 61, 61),
(1089, 'FAC-001089', 89, 15.81, 121.21, 121.21),
(1090, 'FAC-001090', 90, 15.84, 121.44, 121.44),
(1091, 'FAC-001091', 91, 10.56, 80.96, 80.96),
(1092, 'FAC-001092', 92, 46.12, 353.59, 353.59),
(1093, 'FAC-001093', 93, 24.32, 186.47, 186.47),
(1094, 'FAC-001094', 94, 17.75, 136.07, 136.07),
(1095, 'FAC-001095', 95, 21.55, 165.19, 165.19),
(1096, 'FAC-001096', 96, 10.96, 84.06, 84.06),
(1097, 'FAC-001097', 97, 16.62, 127.41, 127.41),
(1098, 'FAC-001098', 98, 32.08, 245.94, 245.94),
(1099, 'FAC-001099', 99, 1.57, 12.02, 12.02),
(1100, 'FAC-001100', 100, 22.03, 168.91, 168.91);

--Devoluciones (25 registros)
INSERT INTO devoluciones (id_devoluciones, id_venta, id_producto, fecha_devolucion, cantidad_devuelta, motivo, monto_reembolso) VALUES
(1, 22, 20, '2026-03-29', 1, 'Producto defectuoso', 48.96),
(2, 58, 12, '2026-04-05', 1, 'Color no esperado', 36.93),
(3, 90, 13, '2025-07-31', 1, 'Cambio de decisión', 35.2),
(4, 69, 14, '2025-11-07', 1, 'Cambio de decisión', 38.73),
(5, 26, 2, '2025-11-19', 1, 'Cambio de decisión', 17.68),
(6, 25, 17, '2026-06-26', 1, 'Cambio de decisión', 51.77),
(7, 85, 11, '2025-12-07', 3, 'Talla incorrecta', 38.76),
(8, 98, 9, '2026-01-20', 1, 'Color no esperado', 26.18),
(9, 30, 20, '2026-02-12', 2, 'Color no esperado', 97.92),
(10, 49, 13, '2026-02-26', 1, 'Talla incorrecta', 35.2),
(11, 27, 10, '2025-08-09', 1, 'Color no esperado', 11.33),
(12, 4, 2, '2025-10-09', 2, 'Producto defectuoso', 35.36),
(13, 38, 20, '2026-03-02', 1, 'Cambio de decisión', 48.96),
(14, 17, 4, '2025-10-09', 3, 'Cambio de decisión', 158.1),
(15, 71, 20, '2025-09-24', 1, 'Color no esperado', 48.96),
(16, 58, 18, '2026-04-06', 2, 'Color no esperado', 56.32),
(17, 9, 13, '2025-12-21', 1, 'Color no esperado', 35.2),
(18, 83, 5, '2026-02-04', 1, 'Color no esperado', 49.94),
(19, 63, 3, '2026-02-02', 2, 'Producto defectuoso', 82.28),
(20, 92, 20, '2026-02-23', 2, 'Talla incorrecta', 97.92),
(21, 48, 2, '2025-10-16', 2, 'Color no esperado', 35.36),
(22, 15, 10, '2026-03-09', 2, 'Cambio de decisión', 22.66),
(23, 3, 10, '2025-10-23', 1, 'Talla incorrecta', 11.33),
(24, 1, 14, '2026-03-02', 1, 'Cambio de decisión', 38.73),
(25, 2, 19, '2025-07-27', 2, 'Color no esperado', 42.16);

--Movimientos Inventarios (45 registros)
INSERT INTO movimientos_inventario (id_movimiento, id_producto, id_sucursal, tipo_movimiento, cantidad, fecha_movimiento, motivo) VALUES
(1, 1, 2, 'Entrada', 27, '2025-07-07', 'Carga inicial de inventario'),
(2, 2, 1, 'Entrada', 45, '2025-11-01', 'Carga inicial de inventario'),
(3, 3, 2, 'Entrada', 44, '2025-10-25', 'Carga inicial de inventario'),
(4, 4, 1, 'Entrada', 53, '2025-10-02', 'Carga inicial de inventario'),
(5, 5, 3, 'Entrada', 34, '2025-08-18', 'Carga inicial de inventario'),
(6, 6, 3, 'Entrada', 51, '2025-10-19', 'Carga inicial de inventario'),
(7, 7, 1, 'Entrada', 19, '2025-07-24', 'Carga inicial de inventario'),
(8, 8, 2, 'Entrada', 21, '2025-09-15', 'Carga inicial de inventario'),
(9, 9, 3, 'Entrada', 22, '2025-09-18', 'Carga inicial de inventario'),
(10, 10, 2, 'Entrada', 42, '2025-12-09', 'Carga inicial de inventario'),
(11, 11, 1, 'Entrada', 15, '2025-11-26', 'Carga inicial de inventario'),
(12, 12, 2, 'Entrada', 38, '2025-08-18', 'Carga inicial de inventario'),
(13, 13, 3, 'Entrada', 42, '2025-09-26', 'Carga inicial de inventario'),
(14, 14, 2, 'Entrada', 54, '2025-08-04', 'Carga inicial de inventario'),
(15, 15, 3, 'Entrada', 52, '2025-12-02', 'Carga inicial de inventario'),
(16, 16, 2, 'Entrada', 32, '2025-11-25', 'Carga inicial de inventario'),
(17, 17, 3, 'Entrada', 54, '2025-08-23', 'Carga inicial de inventario'),
(18, 18, 3, 'Entrada', 35, '2025-10-18', 'Carga inicial de inventario'),
(19, 19, 3, 'Entrada', 36, '2025-10-13', 'Carga inicial de inventario'),
(20, 20, 1, 'Entrada', 50, '2025-07-31', 'Carga inicial de inventario'),
(21, 3, 3, 'Salida', 1, '2025-07-08', 'Venta a cliente'),
(22, 10, 1, 'Salida', 2, '2026-02-27', 'Venta a cliente'),
(23, 17, 1, 'Salida', 1, '2025-11-21', 'Venta a cliente'),
(24, 9, 2, 'Salida', 1, '2025-09-06', 'Venta a cliente'),
(25, 15, 1, 'Salida', 3, '2025-09-20', 'Venta a cliente'),
(26, 7, 2, 'Salida', 1, '2026-05-28', 'Venta a cliente'),
(27, 14, 3, 'Salida', 1, '2026-02-12', 'Venta a cliente'),
(28, 20, 3, 'Salida', 3, '2026-03-17', 'Venta a cliente'),
(29, 15, 2, 'Salida', 2, '2026-04-25', 'Venta a cliente'),
(30, 3, 2, 'Salida', 3, '2026-04-20', 'Venta a cliente'),
(31, 19, 1, 'Salida', 2, '2026-06-03', 'Venta a cliente'),
(32, 8, 2, 'Salida', 2, '2026-07-01', 'Venta a cliente'),
(33, 18, 1, 'Salida', 3, '2026-06-03', 'Venta a cliente'),
(34, 18, 2, 'Salida', 3, '2026-05-26', 'Venta a cliente'),
(35, 18, 3, 'Salida', 3, '2025-08-06', 'Venta a cliente'),
(36, 20, 3, 'Entrada', 1, '2026-03-29', 'Devolución de cliente'),
(37, 12, 3, 'Entrada', 1, '2026-04-05', 'Devolución de cliente'),
(38, 13, 3, 'Entrada', 1, '2025-07-31', 'Devolución de cliente'),
(39, 14, 2, 'Entrada', 1, '2025-11-07', 'Devolución de cliente'),
(40, 2, 2, 'Entrada', 1, '2025-11-19', 'Devolución de cliente'),
(41, 17, 2, 'Entrada', 1, '2026-06-26', 'Devolución de cliente'),
(42, 11, 3, 'Entrada', 3, '2025-12-07', 'Devolución de cliente'),
(43, 9, 2, 'Entrada', 1, '2026-01-20', 'Devolución de cliente'),
(44, 20, 3, 'Entrada', 2, '2026-02-12', 'Devolución de cliente'),
(45, 13, 1, 'Entrada', 1, '2026-02-26', 'Devolución de cliente');

--Auditorias (25 registros)
INSERT INTO auditoria (id_auditoria, tabla_afectada, id_registro_afectado, accion, id_empleado, fecha_hora) VALUES
(1, 'Clientes', 2, 'INSERT', 19, '2026-04-09 17:59:17'),
(2, 'Clientes', 11, 'UPDATE', 19, '2026-01-18 17:07:07'),
(3, 'Clientes', 17, 'INSERT', 19, '2026-04-15 14:27:22'),
(4, 'Clientes', 20, 'UPDATE', 19, '2026-01-15 10:27:06'),
(5, 'Clientes', 5, 'INSERT', 19, '2025-07-07 00:44:55'),
(6, 'Clientes', 20, 'INSERT', 19, '2025-11-01 13:11:04'),
(7, 'Clientes', 13, 'DELETE', 19, '2025-07-13 21:31:39'),
(8, 'Clientes', 24, 'UPDATE', 19, '2026-06-09 06:00:24'),
(9, 'Clientes', 19, 'INSERT', 19, '2026-05-21 22:54:40'),
(10, 'Clientes', 27, 'INSERT', 19, '2026-05-04 20:45:25'),
(11, 'Clientes', 16, 'UPDATE', 19, '2025-10-26 12:07:46'),
(12, 'Clientes', 10, 'INSERT', 19, '2025-07-27 20:39:11'),
(14, 'Clientes', 22, 'INSERT', 19, '2026-06-15 17:35:55'),
(15, 'Clientes', 14, 'INSERT', 19, '2025-08-06 22:20:22'),
(16, 'Clientes', 26, 'UPDATE', 19, '2025-12-30 07:46:17'),
(17, 'Clientes', 28, 'UPDATE', 19, '2025-07-31 23:02:11'),
(18, 'Clientes', 1, 'INSERT', 19, '2026-04-09 01:21:07'),
(19, 'Clientes', 9, 'DELETE', 19, '2026-04-10 22:57:27'),
(20, 'Clientes', 26, 'DELETE', 19, '2025-08-22 10:51:15'),
(21, 'Clientes', 19, 'INSERT', 19, '2025-12-26 10:26:14'),
(22, 'Clientes', 24, 'INSERT', 19, '2026-01-22 11:58:54'),
(23, 'Clientes', 16, 'INSERT', 19, '2025-10-11 02:03:36'),
(24, 'Clientes', 21, 'UPDATE', 19, '2026-05-19 16:05:46'),
(25, 'Clientes', 25, 'UPDATE', 19, '2025-12-07 11:56:02');


-- Reiniciar secuencias

SELECT setval('sucursales_id_sucursal_seq', (SELECT MAX(id_sucursal) FROM sucursales));
SELECT setval('categorias_id_categoria_seq', (SELECT MAX(id_categoria) FROM categorias));
SELECT setval('tallas_id_talla_seq', (SELECT MAX(id_talla) FROM tallas));
SELECT setval('proveedores_id_proveedor_seq', (SELECT MAX(id_proveedor) FROM proveedores));
SELECT setval('metodos_pago_id_pago_seq', (SELECT MAX(id_pago) FROM metodos_pago));
SELECT setval('clientes_id_cliente_seq', (SELECT MAX(id_cliente) FROM clientes));
SELECT setval('promociones_id_promocion_seq', (SELECT MAX(id_promocion) FROM promociones));
SELECT setval('empleados_id_empleado_seq', (SELECT MAX(id_empleado) FROM empleados));
SELECT setval('productos_id_producto_seq', (SELECT MAX(id_producto) FROM productos));
SELECT setval('ventas_id_venta_seq', (SELECT MAX(id_venta) FROM ventas));
SELECT setval('facturas_id_factura_seq', (SELECT MAX(id_factura) FROM facturas));
SELECT setval('devoluciones_id_devoluciones_seq', (SELECT MAX(id_devoluciones) FROM devoluciones));
SELECT setval('movimientos_inventario_id_movimiento_seq', (SELECT MAX(id_movimiento) FROM movimientos_inventario));
SELECT setval('auditoria_id_auditoria_seq', (SELECT MAX(id_auditoria) FROM auditoria));